country,1954,1955,1956,1957,1958,1959,1960,1961,1962,1963,1964,1965,1966,1967,1968,1969,1970,1971,1972,1973,1974,1975,1976,1977,1978,1979,1980,1981,1982,1983,1984,1985,1986,1987,1988,1989,1990,1991,1992,1993,1994,1995,1996,1997,1998,1999,2000,2001,2002,2003,2004,2005,2006,2007,2008,2009,2010,2011,2012,2013,2014,2015
Afghanistan,,,,,,,,,,,,,,,,,,,,,,,,,,,,,,,,,,,,13.9,14.1,14.4,14.7,15,15.2,15.4,15.6,15.7,15.8,15.8,15.9,15.9,15.9,15.9,15.9,15.8,15.7,15.7,15.6,15.5,15.4,15.3,15.3,15.2,15.2,15.2
Angola,,,,,,,,,,,,,,,,,,,,,,,,,,,,,,,,,,,,8.84,8.86,8.86,9.09,9.35,9.48,9.55,9.5,9.84,9.82,9.8,9.88,9.92,10.1,10.2,10.2,10.3,10.2,10.2,10.1,10,9.98,9.97,9.99,9.99,9.99,9.98
Albania,,,,,,,,,,,,,,,,,,,,,,,,,,,,,,,,,2.8,4.62,5.36,,,5.81,5.73,5.57,5.49,5.48,5.59,5.78,5.94,6.15,6.38,6.62,6.81,6.86,7,7.07,7.08,7.04,6.95,6.8,6.68,6.58,6.5,6.43,6.36,6.3
Andorra,,,,,,,,,,,,,,,,,,,,,,,,,,,,,,,,,,,,15,14.8,14.6,14.7,14.9,14.1,13.6,13.1,12.6,12.2,11.9,11.5,11.2,10.9,11,10.8,10.7,10.6,10.6,10.8,10.9,10.9,10.9,11,11,11,11
United Arab Emirates,,,,,,,,,,,,,,,,,,,,,,,,,,,,,,,,,,,,8.92,8.94,8.97,8.99,9,8.97,8.96,8.82,8.69,8.63,8.52,8.41,8.3,8.07,7.8,7.6,7.38,7.89,7.81,7.78,7.77,7.77,7.79,7.8,7.79,7.77,7.72
Argentina,,,,,,,,,,,,,,,,,,,,,,,,,11,11.2,12.1,12.2,12,12.3,13,13.4,13.7,14.2,14.6,14.9,14.8,14.7,14.7,14.6,14.6,14.8,15,15.2,15.4,15.4,15.4,15.6,15.7,15.6,15.5,15.4,15.5,15.3,15.2,15.1,14.9,14.8,14.7,14.6,14.4,14.3
Armenia,,,,,,,,,,,,,,,,,,,,,,,,,,,6.64,8.2,,,8.2,9.52,10.1,9.68,8.84,10.9,10.7,11,10.7,10.1,10.7,10.9,10.9,11.2,11.2,11.1,11.1,11.1,11.7,11.9,12.7,13.4,13.3,13.9,14,14.2,14.1,13.8,13.1,12.5,12.6,12.1
American Samoa,,,,,,,,,,,,,,,,,,,,,,,,,,,,,,,,,,,,11.8,11.9,12.1,12.2,12.3,12.4,12.5,12.3,13.2,13.3,12.8,12.1,11.9,11.9,11.9,12,12.1,11.9,11.8,11.8,11.6,12.5,12.8,12.8,12.8,12.7,12.6
Antigua and Barbuda,,,,,,,,,,,,,,,,,,,,,,,,,,,,,,,,,,,,11.9,11.9,11.7,11.6,11.6,11.6,11.9,11.8,11.6,12.1,12,11.9,12.1,12.1,12.1,11.9,12,12,12,11.9,12.1,12.2,12.1,12.6,13.1,12.8,12.7
Australia,17.9,18.2,18,17.6,17.2,17,17.2,17.1,16.6,15.8,16.1,16.5,17,16.2,16.9,17.3,17,17.4,18.1,18.3,19,19.1,18.5,19,18.6,19.9,19.6,19.8,20.4,20.4,21.2,21.6,21.5,20.8,20.7,20.8,20.5,20.2,19.8,19.6,19.2,18.9,18.5,18,17.6,17.1,16.7,16.4,16,15.6,15.2,15,14.9,14.8,14.4,14.2,14,13.9,13.7,13.6,13.6,13.6
Austria,15.2,14.2,14.5,13.7,12.9,12.5,12.5,13.6,13.5,14.8,14.7,14.8,14.5,14.6,,,15.6,17.4,16.6,17.4,18.4,17.8,17.8,17,18.2,17.6,18.4,18.6,19.2,18.5,18.2,18.4,18.8,19.2,18.9,19.2,18.9,18.6,18.3,17.9,17.6,17.2,16.8,16.4,16,15.5,15,14.7,14.5,14.1,13.7,13.2,12.7,12.3,12,11.6,11.5,11.4,11.2,11,11,10.9
Azerbaijan,,,,,,,,,,,,,,,,,,,,,,,,,,,5.22,6.79,,,7.09,8.76,8.41,7.83,7.47,7.39,7.29,7.5,7.4,7.35,7.1,6.86,6.62,6.55,6.56,6.6,6.6,6.76,7.12,7.31,7.38,7.42,7.6,7.83,7.89,7.91,7.59,7.68,7.12,6.91,6.78,6.67
Burundi,,,,,,,,,,,,,,,,,,,,,,,,,,,,,,,,,,,,11.6,11.6,11.6,11.6,11.7,11.7,11.8,11.7,11.6,11.4,11.3,10.9,10.7,10.6,10.5,10.4,10.3,10.1,10,9.98,10,10.1,10.2,10.2,10.2,10.2,10.2
Belgium,,,,,,,,,,,,,,,,,,,,,,,,,,,,,,,,,,,,21.6,21.2,20.9,20.4,20,19.4,18.9,18.2,18,17.5,16.9,16.9,16.7,16.4,16,15.7,15.4,15.3,15.2,15,14.6,14.4,14.3,14,13.6,13.6,13.6
Benin,,,,,,,,,,,,,,,,,,,,,,,,,,,,,,,,,,,,6.42,6.41,6.47,6.46,6.55,6.69,6.82,6.8,6.84,6.9,6.99,7.07,7.12,7.16,7.24,7.28,7.35,7.4,7.51,7.69,7.81,7.95,8.03,8.11,8.15,8.21,8.28
Burkina Faso,,,,,,,,,,,,,,,,,,,,,,,,,,,,,,,,,,,,10.9,10.8,10.9,10.9,10.9,11,10.9,11.1,11.2,11.1,11,10.7,10.6,10.6,10.8,10.8,10.9,10.8,10.8,10.8,11,11.2,11.3,11.5,11.6,11.6,11.7
Bangladesh,,,,,,,,,,,,,,,,,,,,,,,,,,,,,,,,,,,,9.98,9.49,9.55,9.31,9.12,9.17,8.76,8.48,8.17,7.79,7.82,7.1,6.73,6.36,6.14,6.11,6.03,6.02,6.1,6.2,6.44,6.44,6.61,6.84,7.12,7.12,7
Bulgaria,,,,,,,,,,,,5.44,5.88,5.76,5.98,6.64,6.62,7.49,7.08,8.38,9.23,8.93,9.05,10.6,10.7,11,12,13.2,12.9,14.6,14.7,14.9,15,16.1,17.2,16.5,16.5,16.3,16.1,16.4,16.7,17.2,17.6,17.3,17.3,17.4,17.1,17,16.8,16.9,17.4,17.6,17.7,17.6,17.3,17,16.5,16.2,16.1,15.9,15.8,15.8
Bahrain,,,,,,,,,,,,,,,,,,,,,,,,,,,,,,,,,,,,9.47,9.93,10,9.95,9.86,9.97,9.75,9.48,9.21,9.3,9.21,9.26,9.27,9.2,8.96,8.77,8.66,8.43,8.4,8.42,8.46,8.44,8.44,8.36,8.45,8.3,8.21
Bahamas,,,,,,,,,,,,,,,,,,,,,,,,,,,,,,,,,,,,15.4,15.5,15.6,15.6,15.6,15.4,15.2,15.3,15.2,15.6,15.3,15.4,15.9,15.8,15.3,15.3,15.3,15.2,15.5,15.2,15.7,16.1,16.4,17.1,16.7,16.5,16.5
Bosnia and Herzegovina,,,,,,,,,,,,,,,,,,,,,,,,,,,,,,,,,,,,15.3,15.3,15.3,15.3,15.3,15.3,15.3,15.3,15.3,15.1,15.1,15.4,15.8,16.1,16.4,16.5,16.6,16.6,16.6,16.4,16.4,16.4,16.4,16.5,16.9,16.5,16.1
Belarus,,,,,,,,,,,,,,,,,,,,,,,,,,,7.98,8.72,,,10.5,11.7,12.3,13.4,14.1,15.4,16.1,16.8,17.5,17.8,18.3,18.1,18.3,18.4,18.2,17.6,17.6,17.2,16.6,16.2,15.8,15.1,14.4,14,12.4,14.1,14.4,13.7,13.8,13.3,12.8,12.6
Belize,,,,,,,,,,,,,,,,,,,,,,,,,,4.24,,6.54,,7.87,,5.27,7.86,,7.68,7.99,8.24,8.55,8.73,8.87,8.8,8.79,9.43,9.91,10.6,10.6,10.9,11.1,11.2,11.2,11.2,11.3,11.6,11.7,11.6,11.5,11.7,11.9,12.6,12.7,12.4,12.3
Bermuda,,,,,,,,,,,,,,,,,,,,,,,,,,,,,,,,,,,,38.6,40.1,41.4,41.3,40.4,39,38.6,38.4,38.3,39.1,38.5,37.6,37.3,35.5,34.4,32.8,31.4,30.2,29.4,28.7,27.4,26.1,24.4,23.7,23.1,22,21.3
Bolivia,,,,,,,,,,,,,,,,,,,,,,,,,,,,,,,,,,,,13.4,13.4,13.4,13.4,13.2,13.1,12.8,12.7,12.4,12.3,12,11.9,12,11.9,12.1,12.2,12.3,12.6,12.6,12.5,12.4,12.3,12.3,12.2,12.2,12.2,12.2
Brazil,,,,,,,,,,,,,,,,,,,,,,,,,4.82,5.33,5.79,6.33,6.73,7.18,7.42,7.92,8.48,8.87,9.34,9.95,9.88,10,10.2,10.3,10.6,10.8,10.8,10.9,11,11.1,11,11.1,11,11,10.9,10.9,10.8,10.7,10.6,10.6,10.5,10.3,10.3,10.2,10.1,9.95
Barbados,,,,,,,,,,,,,,,,,,,,,,,,,,,,,,,,,,,,15.9,16.2,16.2,16.3,16.2,16.3,16.2,16.3,16.4,16.4,16.3,16.4,16.8,17,17.4,17.3,17.3,17.2,17,17,17.3,17.6,17.2,17.9,17.9,18.2,18.4
Brunei,,,,,,,,,,,,,,,,,,,,,,,,,,,,,,,,,,,,16.4,16.5,16.5,16.3,15.9,15.5,15.1,14.5,13.9,13.8,13.8,13.5,13.4,13.5,13.7,13.8,14,14.1,14.2,14.3,14.4,14.7,15,15,15.1,15,14.9
Bhutan,,,,,,,,,,,,,,,,,,,,,,,,,,,,,,,,,,,,6.64,6.64,6.63,6.63,6.64,6.63,6.49,6.52,6.41,6.2,6.14,6,5.86,5.77,5.73,5.73,5.62,5.54,5.46,5.4,5.38,5.36,5.36,5.36,5.34,5.32,5.27
Botswana,,,,,,,,,,,,,,,,,,,,,,,,,,,,,,,,,,,,7.79,7.73,7.68,7.59,7.59,7.73,7.93,8.24,8.67,9.09,9.58,9.85,10.1,10,9.8,9.26,8.84,8.52,8.28,7.89,7.65,7.54,7.71,7.67,7.76,7.87,7.99
Central African Republic,,,,,,,,,,,,,,,,,,,,,,,,,,,,,,,,,,,,9.58,9.61,9.49,10,10.1,10.1,10.3,10.3,10.4,10.4,10.4,10.5,10.6,10.6,10.6,10.7,10.7,10.7,10.6,10.6,10.7,10.7,10.6,10.6,10.4,10.3,10.2
Canada,20.4,20.2,19.9,20.5,21.3,21.1,18.7,19.5,19.5,19.6,19.3,18.4,18.9,17.9,18.4,18.8,18.1,18.5,18.9,19.6,18.1,18.3,19.3,19.4,18.7,18.3,18.4,17.9,18,18.7,18.4,18.9,19.2,19,18.5,19.1,18.6,18.3,18.1,17.9,17.7,17.4,17.2,17.2,17,16.8,16.7,16.6,16.4,16.2,15.8,15.5,15.2,14.9,14.6,14.3,14.1,14,13.9,13.8,13.9,13.8
Switzerland,14.1,13.8,13.8,12.7,14.1,12.9,11.9,13.2,12.2,11.9,11.9,13.1,12.7,12.3,12.1,12.5,13.1,11.5,12.4,11.2,10.9,11.9,10.3,10.9,10.6,9.89,9.71,9.24,9.32,9.55,8.71,8.38,7.7,7.69,7.24,7.01,7.14,7.36,7.7,8.16,9.43,9.96,10.5,10.7,10.8,10.9,10.9,10.8,10.7,10.3,10.1,10.1,9.99,9.7,9.61,9.47,9.3,9.23,8.99,8.69,8.63,8.62
Czechoslovakia,9.54,9.2,9.77,9.42,9.21,10.3,9.76,9.3,10.1,10.6,10.3,10.5,11.3,12.7,12.3,12.7,12.7,13.5,14.1,13.5,13.9,13.5,14.7,14.9,14.2,14.7,15.7,14.7,15.4,15.3,15.6,15.9,15.6,17.6,16.8,16.5,16.8,,,,,,,,,,,,,,,,,,,,,,,,,
Chile,4.17,4.71,6.14,5.72,6.78,7.14,6.28,7.23,7.32,7.93,8.22,8.09,8.45,,,,,,,,,,,,,8,8.09,9.28,9.56,8.96,9.1,10.1,10.2,10.1,9.83,10.4,10.2,10.1,10.2,10.6,10.8,11,11,11.1,11.2,11.3,11.2,11.2,11.2,11.3,11.3,11.1,10.9,10.8,10.9,11,11.1,11.2,11.1,10.8,10.6,10.4
China,,,,,,,,,,,,,,,,,,,,,,,,,,,,,,,,,,,,10.2,10.2,10.2,10.3,10.2,10.2,10.1,10.1,10.1,10.1,10.2,10.3,10.3,10,9.83,9.76,9.66,9.59,9.5,9.36,9.19,9.02,8.9,8.75,8.73,8.49,8.28
Cote d'Ivoire,,,,,,,,,,,,,,,,,,,,,,,,,,,,,,,,,,,,5.96,5.97,5.97,6.16,6.21,6.37,6.43,6.42,6.48,6.55,6.59,6.63,6.52,6.5,6.38,6.39,6.42,6.35,6.29,6.24,6.26,6.33,6.4,6.45,6.47,6.48,6.49
Cameroon,,,,,,,,,,,,,,,,,,,,,,,,,,,,,,,,,,,,8.03,8.07,8.14,8.19,8.34,8.45,8.53,8.8,9,9.14,9.34,9.32,9.35,9.34,9.38,9.46,9.42,9.41,9.37,9.34,9.4,9.47,9.51,9.56,9.59,9.62,9.64
"Congo, Dem. Rep.",,,,,,,,,,,,,,,,,,,,,,,,,,,,,,,,,,,,7.89,7.93,7.91,7.81,7.82,7.88,8.29,7.7,7.73,7.58,7.58,7.78,7.7,7.81,7.71,7.62,7.67,7.74,7.78,7.74,7.7,7.74,7.83,7.84,7.86,7.89,7.91
"Congo, Rep.",,,,,,,,,,,,,,,,,,,,,,,,,,,,,,,,,,,,11.9,11.7,11.4,11.7,12.2,12.5,12.8,12.8,12.4,12.4,12.1,11.7,11.4,11.5,11.6,11.8,11.8,11.8,11.9,11.7,11.7,11.6,11.5,11.5,11.5,11.5,11.5
Colombia,,,,,,,,,,,,,,,,,,,,,,,,,,,,,,4.82,5.82,6.43,7.57,8.02,9.37,9.99,10.2,10.3,10.4,10.4,10.4,10.5,10.5,10.5,10.6,10.5,10.6,10.5,10.6,10.7,10.7,10.8,10.5,10.5,10.5,10.7,10.4,10.2,9.94,9.79,9.69,9.58
Comoros,,,,,,,,,,,,,,,,,,,,,,,,,,,,,,,,,,,,11,11,11.1,11.2,11.3,11.4,11.5,11.6,11.6,11.5,11.5,11.4,11.3,11.2,11,10.9,10.9,10.8,11,10.9,11,11.2,11.3,11.3,11.3,11.4,11.4
Cape Verde,,,,,,,,,,,,,,,,,,,,,,,,,,,,,,,,,,,,3.94,4.06,4.2,4.43,4.81,5.47,6.43,7.3,7.6,7.52,7.46,7.42,7.38,7.35,7.34,7.34,7.38,7.41,7.47,7.54,7.61,7.66,7.58,7.63,7.67,7.73,7.78
Costa Rica,,,,,,,,,,,,5.32,5.01,,,,,,,,,,,,,6.57,6.37,8.68,8.61,7.34,8.46,10.9,10.3,11.2,10.3,11.1,11.3,11.2,10.9,10.8,10.8,11,11.2,11.1,11.2,11.2,11.1,11.2,11.4,11.4,11.4,11.4,11.3,11.3,11.3,11.4,11.5,11.5,11.4,11.2,11.1,10.9
Cuba,,,,,,,,,,,,,,,,,,,,,,,,,10,11.6,11.2,12,11.4,13.1,14.1,13.2,14.5,15.2,16.1,16.5,16.8,16.9,17,17.2,17.1,17.1,17.1,17.1,17.1,17.2,17.2,17.4,17.3,17.2,17.3,17.4,17.5,17.5,17.5,17.3,17.3,17.2,17.1,16.8,16.6,16.4
Cyprus,,,,,,,,,,,,,,,,,,,,,,,,,,,,,,,,,,,,10.9,10.7,10.5,10.1,10.3,10.1,9.62,9.55,9.34,9.52,9.73,9.54,9.79,10,10.3,10.5,10.3,10.1,10.2,9.86,9.68,9.46,9.07,8.97,9.29,9.29,9.27
Czech Republic,,,,,,,,,,,,,,,,,,,,,,,,,,,,,,,,19.7,21.1,26,26.5,28.2,28.4,28.5,28.6,28.3,27.9,27.7,27.2,27,26.9,26.3,26,25.8,25.3,24.7,23.8,23,22.3,21.6,21.2,20.6,19.9,19.3,18.7,18.2,17.7,17.6
Germany,,,,,,,,,,,,,,,,,,,,,,17.8,,,,17.4,17.8,18.4,19.5,19.6,20.5,20.9,21.6,22,22.6,22.8,22.5,22.2,22,21.6,21.1,20.6,19.9,19.4,18.9,18.4,17.9,17.4,17,16.4,16,15.6,15.1,14.8,14.5,14.2,14,13.8,13.7,13.4,13.3,13.3
Djibouti,,,,,,,,,,,,,,,,,,,,,,,,,,,,,,,,,,,,7.99,8.09,8.2,8.31,8.44,8.56,8.68,8.77,8.85,8.92,8.95,8.99,9.05,9.16,9.28,9.38,9.48,9.65,9.78,9.83,9.85,9.87,9.93,10,10.1,10.1,10.1
Dominica,,,,,,,,,,,,,,,,,,,,,,,,,,,,,,,,,,,,12.3,12.8,13,13,13,13,12.9,12.9,12.6,12.7,12.1,12,12.2,12.4,12.1,12,12.3,12.4,12.5,12.6,12.8,13.2,13.2,13.9,14.1,13.5,13.1
Denmark,19,20.4,20.7,20.3,21.8,20.5,20.1,18.4,19.5,20.5,19.9,18.2,19.2,18.9,19,18.4,18.5,17.8,18.2,17.2,17.3,18.6,17.8,18.1,18.6,19.2,16.9,16.6,18,18.3,17.1,16.8,16.7,17.2,17.1,16.3,16.6,17.3,18.6,21,22.3,23.4,24.2,24.3,24.2,23.7,23.5,23.3,22.9,22.7,22.5,22.2,21.6,21.1,20.7,20.3,19.8,19.2,18.7,18.3,18,17.8
Dominican Republic,,,,,,,,,,,,,,,,,,,,,,,,,,3.29,4.69,5.27,5.34,6.14,6.92,6.14,7.57,8.4,8.62,9.01,9.01,9.02,9.13,9.13,9.05,8.99,8.82,8.63,8.27,8.26,8.26,8.24,8.27,8.06,7.98,8.05,8,8.06,8.07,8.05,8.03,7.96,8.01,8.07,8.13,8.21
Algeria,,,,,,,,,,,,,,,,,,,,,,,,,,,,,,,,,,,,5.33,5.34,5.59,5.83,6.08,6.36,6.3,6.29,6.24,6.25,6.26,6.18,6.18,6.21,6.26,6.37,6.33,6.32,6.32,6.33,6.33,6.34,6.36,6.34,6.3,6.33,6.37
Ecuador,,,,,,,,,,,,,,,,,,,,,,,,,2.91,3.27,3.72,4.72,4.36,5.22,5.82,6.43,6.86,8.26,8.03,7.99,7.87,7.98,8.14,8.16,8.2,7.88,7.55,7.46,7.36,7.57,7.53,7.58,7.74,7.83,7.81,7.91,8.05,8.17,8.23,8.43,8.46,8.36,8.2,8.16,7.93,7.78
Egypt,,,,,,,,,,,,,,,,,,,,,,,,,,,,,,,,,,,,3.93,3.98,3.93,4.01,4.05,4.01,4.11,4.16,4.11,4.07,3.98,4.11,4.14,4.17,4.17,4.2,4.23,4.19,4.25,4.33,4.38,4.26,4.33,4.17,4.19,4.15,4.11
Eritrea,,,,,,,,,,,,,,,,,,,,,,,,,,,,,,,,,,,,11.8,11.8,11.6,11.6,11.7,11.8,11.9,12,12.1,12.3,12.4,12.5,12.6,12.7,12.8,12.8,12.8,12.8,12.9,12.9,12.9,12.9,13,13,13,13.1,13.1
Spain,6.71,6.81,7.27,6.86,6.73,8.14,8.85,9.58,9.2,9.27,8.74,8.51,9.17,8.48,8.58,8.55,8.88,8.99,9.6,10.2,10.3,10.3,10.9,10.9,11.4,9.54,9.79,10.1,10.7,11.2,11.9,12.7,13.2,14.1,13.8,14.2,14.3,14.4,14.5,14.6,14.6,14.7,14.7,14.8,14.9,14.8,14.7,14.6,14.5,14.3,14.2,13.9,13.8,13.6,13.3,13.2,13.1,12.9,12.7,12.4,12.3,12.2
Estonia,,,,,,,,,,,,,,,,,,,,,,,,,,,11.8,13.3,,,13.2,12.3,13.7,14.3,14.4,15.8,16.8,16.4,17.5,18.2,17.3,16.1,16.1,16.9,16.6,16.8,17,16.6,16.3,16,16,15.9,15.7,15.1,14.7,13.6,13.8,13.7,13.9,13.6,13.3,13.1
Ethiopia,,,,,,,,,,,,,,,,,,,,,,,,,,,,,,,,,,,,15.2,15.1,15.1,15.1,15.3,15.3,15.2,15.1,15,14.9,14.8,14.5,14.1,13.8,13.6,13.6,13.5,13.3,13,12.9,12.9,12.9,12.9,12.9,13,13,13.1
Finland,8.05,8.59,7.9,8.31,8.12,9.92,8.67,9.44,11.1,10.3,9.21,9.23,9.3,10.4,9.58,9.44,10.6,10.8,10.8,10.9,10.7,11.4,11.8,11.1,11.7,11.3,11.8,12.6,13.4,12.6,12.1,13.1,12.9,13,13,13.1,13.3,13.3,13.4,13.3,13.2,13.2,13.1,12.9,12.8,12.5,12.2,12,11.9,11.7,11.4,11.3,11.1,11,11,10.9,10.8,10.7,10.4,10,9.82,9.51
Fiji,,,,,,,,,,,,,,,,,,,,,,,,,,,,,,,,,,,,8.26,8.34,8.33,8.28,8.22,8.14,8.16,8.17,7.94,8.18,8.07,7.93,7.82,8.01,8.14,8.42,8.57,8.58,8.71,8.97,9.04,9.23,9.5,9.42,9.41,9.4,9.38
France,14.9,14.7,14.8,14.9,14.8,15,14.1,14.4,14.5,14.1,14.1,14.1,13.6,14.1,13.8,13.3,13.7,14.7,14.8,15.3,15.9,16,15.9,16.3,15.5,15.9,16.2,16.5,17,17.1,17.2,17.9,18.2,18.6,18.9,19.1,19,18.9,18.7,18.4,18.2,17.9,17.3,17.1,16.8,16.4,16.2,16,16,15.6,15.3,15,14.7,14.5,14.2,13.9,13.6,13.4,13.2,12.9,12.8,12.7
"Micronesia, Fed. Sts.",,,,,,,,,,,,,,,,,,,,,,,,,,,,,,,,,,,,10.9,10.9,11,11,11.1,11.1,11.1,11.1,11,11.1,11.1,11.2,11.3,11.4,11.4,11.8,11.8,11.8,11.7,11.9,12,12,12,12,12.2,12.3,12.1
Gabon,,,,,,,,,,,,,,,,,,,,,,,,,,,,,,,,,,,,11.2,11.3,11.3,11.4,11.8,11.9,12.4,12.4,12.7,13.1,13.2,13.6,13.4,13.7,13.9,13.4,13.4,12.9,12.9,12.7,12.1,12.1,11.9,11.7,11.6,11.5,11.4
United Kingdom,20,,,18.8,19,18.3,17.9,17.8,,,,,17.4,17.8,17.6,17.3,17.2,17.8,17.8,18.3,18.6,19,18.3,18.4,18.6,18.8,18.6,18.2,19.1,19.4,20,19.6,20,20.1,20.1,20.1,19.9,19.5,19.3,18.8,18.4,17.9,17.5,17.1,16.8,16.2,16,15.8,15.7,15.4,15.1,14.8,14.6,14.4,14.1,13.9,13.8,13.8,13.7,13.7,13.6,13.5
Georgia,,,,,,,,,,,,,,,,,,,,,,,,,,,,,,,,,,,,7.38,7.04,6.65,6.45,5.99,5.71,5.43,5.37,5.46,5.47,5.76,5.98,6.24,6.7,7.07,6.55,6.28,6.13,6.33,6.61,6.72,6.84,7.1,6.96,7.08,6.86,6.69
Ghana,,,,,,,,,,,,,,,,,,,,,,,,,,,,,,,,,,,,5.95,6.04,6.14,6.02,6.06,6.19,6.28,6.4,6.3,6.29,6.33,6.43,6.45,6.41,6.37,6.38,6.38,6.46,6.49,6.56,6.65,6.66,6.67,6.67,6.66,6.65,6.63
Guinea,,,,,,,,,,,,,,,,,,,,,,,,,,,,,,,,,,,,6.07,6.14,6.17,6.2,6.32,6.3,6.27,6.25,6.33,6.36,6.31,6.35,6.4,6.3,6.26,6.2,6.29,6.32,6.32,6.37,6.4,6.42,6.46,6.49,6.5,6.54,6.56
Gambia,,,,,,,,,,,,,,,,,,,,,,,,,,,,,,,,,,,,5.49,5.56,5.62,5.68,5.78,5.87,5.97,6.11,6.08,6.01,5.82,5.72,5.77,5.49,5.43,5.38,5.4,5.46,5.41,5.49,5.43,5.37,5.44,5.47,5.49,5.51,5.51
Guinea-Bissau,,,,,,,,,,,,,,,,,,,,,,,,,,,,,,,,,,,,9.58,9.68,9.81,9.93,10.1,10.2,10.3,10.4,10.6,10.7,10.7,10.5,10.6,10.6,10.7,10.6,10.7,10.8,10.9,11,11,10.9,11,11,11,11.1,11.1
Equatorial Guinea,,,,,,,,,,,,,,,,,,,,,,,,,,,,,,,,,,,,10.1,10.2,10.2,10.3,10.4,10.5,10.9,10.8,10.8,10.8,10.8,10.6,10.3,10.3,10.1,10.1,10.3,10.3,10.2,10.2,10,9.69,9.44,9.27,9.27,9.21,9.22
Greece,,,,,,,,,,,,4.96,4.99,5.3,4.66,5.44,5.58,5.68,6.26,6.86,7.69,8.47,8.54,8.99,6.93,7.42,7.95,8,8.52,8.85,9.45,9.6,10.2,10.3,11,11,11.2,11.3,11.4,11.5,11.4,11.6,11.7,12,12.2,11.9,11.8,11.7,11.6,11.4,11.3,11,10.8,10.8,10.5,10.4,10.4,10.3,10.2,10.2,10,9.99
Grenada,,,,,,,,,,,,,,,,,,,,,,,,,,,,,,,,,,,,11.9,11.9,12,12,12,12.2,12.4,12.5,12.7,12.9,13.2,13.3,13.8,14.1,14.3,14.4,14.7,15.1,15.3,15.4,15.7,16,16.3,16.9,17.4,17.4,16.9
Greenland,,,,,,,,,,,,,,,,,,,,,,,,,,,,,,,,,,,,66.6,65.6,64.1,62.8,62.4,63.7,65.7,65.8,65.8,64.7,63.5,63.7,62.6,62,61.3,60.7,58.5,56.4,54.7,52.2,49.7,46.6,43.7,42.2,42.3,43,44.2
Guatemala,,,,,,,,,,,,,,,,,,,,,,,,,2.56,2.26,2.51,,,2.04,,3.37,3.86,4.63,4.44,5.19,5.36,5.49,5.61,5.92,5.93,6.03,6.12,6.4,6.54,6.72,6.77,6.89,6.93,6.85,6.8,6.72,6.63,6.62,6.7,6.68,6.71,6.67,6.61,6.52,6.47,6.41
Guam,,,,,,,,,,,,,,,,,,,,,,,,,,,,,,,,,,,,10.2,10.4,10.4,10.4,10.3,9.91,10.3,10.5,11.5,11.6,11.3,10.8,10.6,10.7,10.9,11.2,11.4,11.5,11.5,11.7,11.6,11.7,11.7,11.7,11.6,11.5,11.4
Guyana,,,,,,,,,,,,,,,,,,,,,,,,,,,,,,,,,,,,10.2,10.3,10.2,10.1,10.1,10.2,10.3,10.6,10.4,10.8,11.1,11,11.3,11.7,11.9,12,12.2,12.6,12.6,12.7,12.9,12.9,12.7,12.5,12.3,12.2,11.5
"Hong Kong, China",,,,,,,,,,,,7.86,7.84,6.8,8.18,7.63,8.5,9.08,8.54,9.14,8.68,9.35,8.38,9.51,10.6,9.68,9.14,10.4,9.94,10.3,10.5,9.89,11.3,10.8,10.7,10.9,11.7,11,11,11.6,11.6,12,10.9,12.3,11.8,11.3,9.94,11.9,,,,,,,,,,,,,,
Honduras,,,,,,,,,,,,,,,,,,,,,,,,,,,,,,,,,,,,10.3,10.1,10.2,10.1,10,10.1,10.1,10.1,10.1,10.1,10.1,10.1,10.1,10.1,10.1,10.1,10.1,10,9.99,9.97,9.94,9.91,9.88,9.85,9.81,9.77,9.73
Croatia,,,,,,,,,,,,,,,,,,,,,,,,,,,,,,,12.5,13.2,15.7,18.4,20.7,21.4,21,20.6,20.3,20,19.4,19.9,20,20,20.1,20.2,19.9,19.9,19.9,19.9,20.2,20.2,20.2,20.3,20.1,20.1,20.4,20.4,20.2,20,19.6,19.5
Haiti,,,,,,,,,,,,,,,,,,,,,,,,,,,,,,,,,,,,17.6,17.5,17.4,17.5,17.7,17.6,17.4,17.3,17.2,17.4,17.5,17.6,17.6,17.7,17.8,17.8,17.9,17.8,17.8,17.8,17.7,17.8,17.8,17.7,17.7,17.6,17.7
Hungary,,,,,,,,,,,,,,,,13.4,14.6,16.2,16.1,17.5,17.9,18.4,19.6,20.6,20.3,21.4,22.1,23.8,23,23.7,24.3,25,25.9,26.2,26.3,27.4,27.7,27.9,28.1,28.2,28.1,28.1,28,27.9,28,27.9,27.3,26.9,26.8,26.5,26.4,26.1,25.7,25.4,25,24.7,24.1,23.8,23.4,23.2,23.1,23
Indonesia,,,,,,,,,,,,,,,,,,,,,,,,,,,,,,,,,,,,7.54,7.57,7.64,7.82,7.9,8,8.1,8.15,8.17,8.02,7.88,7.76,7.65,7.6,7.55,7.52,7.5,7.45,7.24,7.07,6.94,6.88,6.69,6.56,6.44,6.44,6.41
India,,,,,,,,,,,,,,,,,,,,,,,,,,,,,,,,,,,,5.61,5.62,5.64,5.61,5.61,5.61,5.64,5.68,5.68,5.68,5.69,5.69,5.7,5.7,5.73,5.79,5.8,5.83,5.87,5.87,5.92,5.94,5.94,6.01,6.08,6.13,6.09
Ireland,17.4,16.7,16.4,17.3,16.6,17.4,17.5,16.2,16.9,16.6,16.7,18.6,17.9,18.1,18.6,21.3,19.5,19.4,19,20.3,22,21.4,21.7,21.5,20.3,21.4,20.2,21.4,22,22.8,21.5,23.3,23.4,24.2,22.7,21.8,21.1,20.9,20.3,20.2,19.9,19.3,19.3,18.9,18.9,18.6,17.9,17.2,17,16.8,16.4,16.2,15.6,15.6,15.3,14.7,14.5,14.2,13.9,13.6,13.6,13.5
Iran,,,,,,,,,,,,,,,,,,,,,,,,,,,,,,,,,,,,4.13,4.24,4.3,4.39,4.46,4.53,4.59,4.66,4.71,4.78,4.89,4.97,5.07,5.13,5.19,5.22,5.31,5.45,5.59,5.7,5.86,5.91,6.19,6.49,6.62,6.45,6.21
Iraq,,,,,,,,,,,,,,,,,,,,,,,,,,,,,,,,,,,,6.66,6.74,6.81,6.87,6.89,6.97,7.09,7.16,7.08,7.06,7.13,7.05,7.14,7.18,7.14,7.08,7,6.9,7.02,6.81,6.8,6.82,6.72,6.65,6.61,6.58,6.55
Iceland,,,,,,,,,,,,,,,,,17.9,10.8,7.24,14.9,13.5,11.6,10.4,10,10.7,10.8,11.4,12,7.19,8.5,9.93,8.2,14.4,10.5,9.38,14.7,14.6,14.4,14.7,14.8,15,14.8,14.8,14.7,14.4,14.2,13.9,13.7,13.5,13.2,12.9,12.7,12.4,12.1,11.8,11.7,11.8,11.8,11.9,12.1,12,12.1
Israel,,,,,,,,,,,,,,,,,,,,,13.7,13.3,14.3,16.2,16.4,15.8,17.8,15.8,19.3,18.4,19,19.5,21.1,21.2,21,21.6,22.2,22.8,22.8,23.3,23.1,23.2,22.8,22.2,21.8,21.4,20.9,20.3,19.7,19,18.6,18.1,17.4,16.7,16.2,15.6,14.9,14.4,14.3,14,14.2,14.2
Italy,8.11,8.74,9.04,9.11,9.1,9.89,9.92,9.75,10.2,10.3,11,10.4,10.8,11.1,11.5,11.4,12.2,12.8,13.3,13.3,13.8,14.6,15,15,12.3,12.4,13,13.8,14.1,14.2,14.7,15,15.2,15.5,15.5,15.7,15.5,15.4,15.3,15.2,15,14.9,14.6,14.5,14.2,14.1,13.8,13.7,13.8,13.4,13.5,13.6,13.6,13.4,13.3,13,12.9,12.8,12.6,12.5,12.4,12.3
Jamaica,,,,,,,,,,,,,,,,,,,,,,,,,,,,,,,,,,,,12.2,12.3,12.5,12.8,13.1,13.5,13.9,14.2,14.3,14.1,14.5,14.6,14.5,14.4,14.3,14.1,14.1,14.5,14.9,15.1,15.1,15.2,15.1,15.1,15,15,14.9
Jordan,,,,,,,,,,,,,,,,,,,,,,,,,,,,,,,,,,,,10.6,10.5,10.2,10.4,10.3,10.5,10.7,10.8,10.8,11,11.2,11.3,11.6,11.9,12.4,12.3,12.2,11.9,11.8,11.6,11.4,11.2,11.2,11,10.9,10.8,10.7
Japan,5.54,5.62,5.67,5.94,5.98,5.96,6.19,6.18,6.22,6.28,6.62,6.82,6.94,7.15,7.4,7.14,7.83,8.05,8.76,9.18,9.39,9.7,9.97,10.6,10.8,11,11.6,11.8,12.2,12.6,12.8,13.1,13.3,14,14.4,14.6,14.6,14.7,14.7,14.7,14.7,14.7,14.6,14.5,14.4,14.1,13.9,13.7,13.6,13.4,13.3,13.1,12.9,12.7,12.4,12.3,12.1,12.1,12,11.7,11.5,11.3
Kazakhstan,,,,,,,,,,,,,,,,,,,,,,,,,,,8.18,8.05,,,9.72,10.2,9.86,10.6,10.4,12.4,12.4,12.6,12.9,13.3,13.4,13.5,13.4,13.3,13.2,13,12.9,12.8,13,13.4,13.8,14,14,13.8,13.5,13.4,13.1,12.6,11.8,11.1,10.7,10.7
Kenya,,,,,,,,,,,,,,,,,,,,,,,,,,,,,,,,,,,,6.28,6.38,6.56,6.67,6.82,6.87,6.82,6.98,7.03,6.89,6.91,6.67,6.68,6.72,6.63,6.51,6.4,6.4,6.4,6.37,6.34,6.36,6.32,6.3,6.3,6.31,6.52
Kyrgyz Republic,,,,,,,,,,,,,,,,,,,,,,,,,,,5.23,6.96,,,6.81,8.55,7.57,8.31,10.1,9.42,9.5,9.54,9.71,9.48,9.16,8.88,8.49,8.22,8.05,7.8,7.59,7.81,7.81,7.83,7.83,7.74,7.59,7.4,7.21,6.99,6.82,6.6,6.46,6.38,6.44,6.36
Cambodia,,,,,,,,,,,,,,,,,,,,,,,,,,,,,,,,,,,,12.9,13,13.1,13.3,13.6,13.8,13.9,14,14.1,14.2,14.2,14.1,14.1,14,13.9,13.7,13.5,13.3,13.1,13,12.9,12.8,12.8,12.7,12.6,12.6,12.5
Kiribati,,,,,,,,,,,,,,,,,,,,,,,,,,,,,,,,,,,,6.27,6.3,6.28,6.4,6.41,6.49,6.52,6.58,6.66,6.78,6.8,6.81,6.82,6.83,6.88,6.88,6.91,6.93,6.95,6.97,7,7,7,6.99,6.98,6.97,6.95
South Korea,,,,,,,,,,,,,,,,,,,,,,,,,,,,,,,3.4,4.4,5.49,6.69,8.07,9.71,10.3,10.8,11.3,11.7,11.8,11.9,12,12.2,12.4,12.4,12.4,12.6,12.6,12.5,12.3,12.3,12.1,12,11.9,11.7,11.4,11.3,11.2,11.1,11,11
Kuwait,,,,,,,,,,,,,,,,,,,,,,3.23,3.02,2.68,3.46,3.71,6.41,5.29,5.34,6.72,7.58,9.87,10.7,,,,,,6.82,7.63,8.05,7.96,8.52,9.53,9,10.3,10.7,11,11,10.9,11.2,11.9,12.7,12.5,12.7,12.9,12,11.6,10.8,10.8,10.9,11
Lao,,,,,,,,,,,,,,,,,,,,,,,,,,,,,,,,,,,,11.8,11.8,11.9,12.1,12.2,12.4,12.6,12.7,12.8,12.8,12.7,12.7,12.4,12.2,12.1,12.1,11.9,11.8,11.8,11.7,11.5,11.3,11.3,11.2,11.1,11,10.9
Lebanon,,,,,,,,,,,,,,,,,,,,,,,,,,,,,,,,,,,,14.2,14,14,14.1,13.8,13.8,13.4,13.1,12.7,12.6,13.1,13.3,13.5,13.8,13.8,13.8,13.8,13.3,13,12.5,12.1,11.9,11.7,11.5,11.4,11.3,11.2
Liberia,,,,,,,,,,,,,,,,,,,,,,,,,,,,,,,,,,,,6.83,6.87,6.88,6.79,6.88,6.83,6.93,6.92,6.87,6.86,7.05,7.11,7.4,7.36,7.53,7.62,7.76,7.98,8.13,8.26,8.36,8.45,8.53,8.63,8.7,8.77,8.81
Libya,,,,,,,,,,,,,,,,,,,,,,,,,,,,,,,,,,,,11,11.1,11.2,11.3,11.3,11.4,11.4,11.6,11.7,11.8,11.9,11.9,11.9,11.9,11.8,11.7,11.5,11.6,11.6,11.5,11.4,11.5,11.5,11.5,11.5,11.6,11.5
St. Lucia,,,,,,,,,,,,,,,,,,,,,,,,,,,,,,,,,,,,9.58,9.64,9.75,9.49,9.36,9.2,9.07,8.96,8.77,8.93,8.96,9.11,9.14,9.28,9.3,8.97,8.97,8.87,8.72,8.49,8.34,8.3,8.46,8.7,9.14,8.93,8.87
Sri Lanka,,,,,,,,,,,,,,,,,,,,,,,,,,,,,,,,,,,,4.43,4.44,4.49,4.65,4.77,4.86,4.95,5.04,5.1,5.14,5.14,5.12,5.11,5.09,5.08,5.06,5.05,5.08,5.08,5.05,4.99,4.94,4.88,4.83,4.77,4.72,4.67
Lesotho,,,,,,,,,,,,,,,,,,,,,,,,,,,,,,,,,,,,6.96,6.88,6.92,6.95,7.03,6.94,6.81,6.72,7.19,7.46,8.42,8.35,8.57,9.16,9.16,9.26,9.14,9.24,9.67,9.66,9.92,9.77,9.86,10,9.96,9.87,9.66
Lithuania,,,,,,,,,,,,,,,,,,,,,,,,,,,9.89,9.85,,,11.6,11.9,11.9,13.1,14,14.3,15.1,14.8,15.9,16.4,16.4,15.7,15,15.5,15.2,15,15.6,15.1,15.4,15.2,15.8,16,16.4,16.4,14.7,14.7,14.5,13.9,13.7,12.8,12.9,12.7
Luxembourg,,,,,,,,,,,,,,,,,,,,,,,,,14.6,18.9,22.1,19.8,20.6,21.2,22.2,21.1,24.1,21.8,23.4,22.7,22.4,22.4,22,21.7,20.9,20.2,20.5,20,19.3,18.4,18.2,17.9,18.1,17.1,16.6,16.2,15.8,15.3,15.3,15.1,15.1,15,14.6,14.2,14.3,14.2
Latvia,,,,,,,,,,,,,,,,,,,,,,,,,,10.8,9.44,11.7,11.6,12.6,14,13,13.6,14.6,15,16.1,15.8,16.2,17.2,18.4,17.9,16.5,16.5,17.3,16.5,15.8,16.9,16.5,17.3,17.1,17.1,18,17.6,16.7,16.3,15.8,15.6,15.1,15.3,14.5,14.2,14
Morocco,,,,,,,,,,,,,,,,,,,,,,,,,,,,,,,,,,,,6.25,6.35,6.46,6.56,6.6,6.57,6.57,6.62,6.56,6.6,6.59,6.6,6.71,6.73,6.74,6.76,6.78,6.8,6.8,6.79,6.78,6.77,6.77,6.75,6.74,6.72,6.69
Moldova,,,,,,,,,,,,,,,,,,,,,,,,,,,9.65,10.9,,,11.8,13.4,14.7,14.9,16.3,15.7,16.9,15.8,16.2,17.3,16.8,15.2,12.7,12.2,12.3,12.7,12.4,12.8,13.2,13.1,14.2,14.5,14.8,14.7,14.7,15.1,13.7,13.8,13.2,13.7,13.7,13.5
Madagascar,,,,,,,,,,,,,,,,,,,,,,,,,,,,,,,,,,,,10.1,10.1,10.2,10.3,10.1,10.1,10.1,10.1,10.1,9.99,10,9.96,10.1,10.1,10.1,9.93,9.86,9.82,9.88,9.94,10,10,10.1,10.1,10.1,10.1,10.1
Maldives,,,,,,,,,,,,,,,,,,,,,,,,,,,,,,,,,,,,8.24,8.22,8.16,8.01,7.97,7.97,7.98,7.88,7.86,7.69,7.52,7.34,7.11,6.8,6.47,6.22,5.97,5.62,5.37,5.29,5.28,5.15,5.06,5.07,4.98,4.9,4.87
Mexico,,,,,,,,,,,,3.09,3.59,,,,3.68,3.87,3.57,3.8,,,,,3.44,3.56,3.86,4.04,4.31,4.32,5.03,5.24,5.1,5.53,5.62,5.69,5.59,5.63,5.7,5.69,5.72,5.71,5.8,5.9,5.98,5.92,6,6.12,6.28,6.28,6.42,6.42,6.46,6.61,6.73,6.68,6.62,6.71,6.91,6.95,6.81,6.66
Marshall Islands,,,,,,,,,,,,,,,,,,,,,,,,,,,,,,,,,,,,7.1,7.18,7.21,7.29,7.32,7.39,7.43,7.45,7.46,7.52,7.58,7.69,7.8,7.88,7.97,8.07,8.16,8.12,8.09,8.04,7.99,7.93,7.86,7.79,7.72,7.65,7.51
North Macedonia,,,,,,,,,,,,,,,,,,,,,,,,,,,,,,,,,,,,13.4,13.4,13.4,13.4,13.6,13.8,14,14.3,14.5,14.7,15.1,15.4,15.5,15.7,15.8,16,16.2,16.4,16.5,16.5,16.5,16.5,16.4,16.4,16.1,15.8,15.5
Mali,,,,,,,,,,,,,,,,,,,,,,,,,,,,,,,,,,,,6.12,6.16,6.28,6.31,6.54,6.99,6.95,6.99,6.91,6.84,6.9,6.85,6.81,6.66,6.59,6.49,6.49,6.42,6.35,6.28,6.31,6.32,6.28,6.29,6.32,6.35,6.38
Malta,,,,,,,,,,,,,,,,,,,,,,,,12.3,10.5,10.4,14.7,13.4,13.9,11,14,11.9,11.2,8.53,14.2,16.4,16.3,16.2,15.8,15.2,14.7,14.1,14,13.7,13.9,14.1,13.8,13.5,13.2,12.9,12.6,12.2,11.9,11.7,11.5,11.3,11.5,11.3,10.9,10.4,10.2,10
Myanmar,,,,,,,,,,,,,,,,,,,,,,,,,,,,,,,,,,,,25,25.1,25.3,25.4,25.6,25.7,25.9,26.1,26.3,26.3,26.2,26.1,25.9,25.8,25.5,25.3,25,24.7,24.4,24.2,23.9,23.6,23.3,22.9,22.6,22.2,21.9
Montenegro,,,,,,,,,,,,,,,,,,,,,,,,,,,,,,,,,,,,12.2,12.3,12.4,12.6,12.7,12.9,13.1,13.2,13.3,13.3,13.1,13.2,13.1,13,13,12.9,12.8,12.7,12.7,12.9,13,13.2,13.3,13.3,13.1,13,12.8
Mongolia,,,,,,,,,,,,,,,,,,,,,,,,,,,,,,,,,,,,6.56,6.88,7.19,7.47,7.71,8.07,8.33,8.43,8.35,8.15,7.84,7.62,7.46,7.36,7.27,7.19,7.1,6.96,6.85,6.82,6.82,6.69,6.57,6.45,6.27,6.2,6.16
Northern Mariana Islands,,,,,,,,,,,,,,,,,,,,,,,,,,,,,,,,,,,,8.03,7.83,7.64,7.48,7.32,7.18,7.11,7.04,7.02,6.9,6.51,6.25,6.11,6.05,6.04,6.1,6.1,6.06,6.02,6.03,5.95,5.99,5.96,5.96,5.94,5.91,5.82
Mozambique,,,,,,,,,,,,,,,,,,,,,,,,,,,,,,,,,,,,9.81,9.8,9.89,9.87,9.83,9.75,9.83,9.94,9.71,9.48,9.31,8.79,8.67,8.41,8.28,8.27,8.13,8.18,8.08,8.12,8.2,8.2,8.21,8.32,8.63,9.07,9.29
Mauritania,,,,,,,,,,,,,,,,,,,,,,,,,,,,,,,,,,,,8.07,8.03,8.07,8.09,8.17,8.26,8.4,8.38,8.42,8.5,8.54,8.62,8.55,8.5,8.54,8.47,8.45,8.42,8.44,8.46,8.46,8.48,8.52,8.56,8.59,8.62,8.64
Mauritius,,,,,,,,,,,,,,,6.58,5.27,5.57,5.44,5.52,6.31,10,6.77,6.14,5.79,4.45,7.22,3.11,6.48,7.1,4.32,5.67,6.7,6.41,6.84,4.86,8.08,8.16,8.25,7.86,7.91,7.84,7.86,7.77,7.9,8.22,8.59,8.82,9.02,9.37,9.29,9.48,9.53,9.46,9.21,9.27,9,8.91,8.81,9.01,9.1,8.81,8.63
Malawi,,,,,,,,,,,,,,,,,,,,,,,,,,,,,,,,,,,,5.72,5.74,5.85,5.97,6.19,6.27,6.33,6.43,6.65,6.82,6.87,6.8,6.78,6.88,6.92,6.82,6.61,6.48,6.48,6.51,6.56,6.55,6.54,6.58,6.62,6.64,6.65
Malaysia,,,,,,,,,,,,,,,,,,,,,,,,,,,,,,,,,,,,15.3,15.3,15.2,15.1,15.3,15.2,15,14.9,14.8,14.8,14.9,15.1,15.5,16,15.9,16.1,16.1,16.2,16.3,16.2,15.8,15.4,15.1,14.8,14.5,14.3,14
Namibia,,,,,,,,,,,,,,,,,,,,,,,,,,,,,,,,,,,,6.23,6.16,6.1,6.07,6.06,6.15,6.11,6.23,6.28,6.51,6.72,6.73,6.71,6.86,6.86,6.78,6.74,6.68,6.69,6.89,6.56,6.39,6.35,6.3,6.3,6.3,6.24
Niger,,,,,,,,,,,,,,,,,,,,,,,,,,,,,,,,,,,,4.92,4.94,5.03,5.09,5.15,5.24,5.2,5.26,5.29,5.3,5.34,5.45,5.45,5.44,5.46,5.46,5.54,5.51,5.5,5.46,5.41,5.45,5.48,5.54,5.59,5.65,5.71
Nigeria,,,,,,,,,,,,,,,,,,,,,,,,,,,,,,,,,,,,8.51,8.57,8.64,8.67,8.61,8.64,8.61,8.57,8.44,8.21,8.05,7.9,7.96,7.8,7.71,7.53,7.42,7.39,7.16,7.08,6.96,6.85,6.82,6.89,6.94,7.1,7.22
Nicaragua,,,,,,,,,,,,,,,,,,,,,,,,,,,,,,,,,,3.27,4.04,4.9,4.96,5.13,5.25,5.34,5.4,5.44,5.39,5.46,5.55,5.59,5.65,5.77,5.86,5.9,5.92,5.99,6.01,6.06,6.16,6.24,6.27,6.29,6.25,6.2,6.14,6.05
Netherlands,15.2,15.9,15.8,15.3,15.8,16.3,15.2,16.2,16.6,16.2,15.7,16.7,16.3,16.8,16.6,16.5,16,16.7,16.7,16.5,17.6,17.2,17.5,17.7,18.9,18.4,18.8,18.3,19.2,19.1,19.7,19.4,20.5,19.9,20.2,20.4,20.4,20.3,20.5,20.3,20.2,20.2,20.1,20.1,20.3,20.2,20.5,20.6,20.5,20.1,19.7,19.5,19.1,19,18.7,18.6,18.6,18.3,17.5,16.9,16.7,16.6
Norway,10.6,10.1,9.97,10.7,9.81,9.75,10.3,10.9,10,11.2,11.2,11.3,11.9,12.6,12.7,11.9,12.9,13.7,13.4,12.9,14,16,16,16.3,17,17.7,17.2,19.1,18.1,18.3,19.1,19.7,20.4,20.5,19.7,21,21.1,21.2,21.7,21.5,21.7,21.5,21.4,21.1,21.1,21,20.9,20.8,20.6,20.1,19.8,19.6,19.4,19.1,18.9,18.6,18.4,18.1,17.8,17.4,17.2,17.2
Nepal,,,,,,,,,,,,,,,,,,,,,,,,,,,,,,,,,,,,6.28,6.31,6.28,6.44,6.44,6.4,6.32,6.2,6.24,6.42,6.45,6.61,6.73,6.77,6.81,6.79,6.76,6.72,6.68,6.64,6.59,6.61,6.61,6.62,6.63,6.65,6.66
New Zealand,20,19.2,20,20.6,18.3,16.9,19.7,20.7,19.4,19.1,19.4,19.9,19.7,18.8,21,18.5,19.2,22,22,25.7,25,26.6,25.7,25.9,25.3,24.4,26.6,27,27.5,25.6,26.4,29.1,28.8,28.3,29.1,28.4,28,27.3,27,27,26.8,26.6,25.6,25.2,25,24.4,24.3,23.9,23.6,23.4,22.8,22.5,22.1,21.8,21.3,20.7,20.4,20.2,19.8,19.6,19.7,19.7
Oman,,,,,,,,,,,,,,,,,,,,,,,,,,,,,,,,,,,,5.53,5.61,5.7,5.79,5.87,5.95,5.97,5.97,5.95,5.89,5.84,5.79,5.76,5.75,5.73,5.71,5.67,5.78,5.81,6.05,6.15,5.96,5.81,5.74,5.68,5.63,5.56
Pakistan,,,,,,,,,,,,,,,,,,,,,,,,,,,,,,,,,,,,6.15,6.32,6.6,6.85,7.06,7.32,7.34,7.47,7.53,7.6,7.67,7.72,7.78,7.86,7.81,7.77,7.71,7.69,7.67,7.64,7.62,7.59,7.57,7.55,7.54,7.52,7.48
Panama,,,,,,,,,,,,,,,,,,,,,,,,,4.91,4.84,6.77,6.17,7.25,6.82,6.36,8.27,7.44,9.42,9.02,,,,,,,10.2,9.76,9.73,9.49,9.39,9.48,9.45,9.44,9.44,9.22,9.17,9.2,9.2,9.26,9.25,9.45,9.55,9.63,9.67,9.34,9.1
Peru,,,,,,,,,,,,,,,,,,,,,,,,,,,,,,,,,,,,8.04,8.08,8.33,8.6,8.7,8.66,8.63,8.61,8.54,8.6,8.6,8.68,8.76,8.77,8.64,8.48,8.31,8.22,8.33,8.53,8.6,8.54,8.4,8.12,7.88,7.95,8.01
Philippines,,,,,,,,,,,,,,,,,,,,,,,,,,,,,,,,,,,,5.81,6.06,6.42,6.79,7.13,7.43,7.75,8.22,8.67,9.16,9.55,9.92,10.2,10.4,10.4,10.7,11.1,11.3,11.4,11.7,11.8,11.9,11.8,11.4,11.1,10.9,10.6
Papua New Guinea,,,,,,,,,,,,,,,,,,,,,,,,,,,,,,,,,,,,9.17,9.21,9.25,9.26,9.28,9.31,9.32,9.31,9.31,9.34,9.34,9.41,9.48,9.5,9.54,9.58,9.61,9.63,9.63,9.62,9.6,9.59,9.57,9.54,9.52,9.49,9.45
Poland,,,,,,,3.89,4.87,6.11,7.41,8.41,8.87,9.72,10.3,,11.5,12.2,,,,,,,,,14.6,15.4,15.9,17.2,17.8,18.4,19.3,19.8,20.5,21.2,21.8,22.6,22.6,22.7,22.8,23,22.9,23.4,23.3,23.1,22.7,22.3,21.9,21.8,21.6,21.6,21.5,21.4,21.1,21,20.2,20.1,20.1,19.6,19,18.6,18.3
Puerto Rico,,,,,,,,,,,,,,,,,,,,,,,,,,,,,,,,,,,,11.2,11.2,11.4,11.6,11.9,12,12,12,11.8,12,12.2,12.3,12.3,12.3,12.4,12.5,12.7,12.7,12.6,12.7,12.6,12.5,12.6,12.3,12.3,12.2,12
North Korea,,,,,,,,,,,,,,,,,,,,,,,,,,,,,,,,,,,,8.51,8.46,8.43,8.38,8.39,8.42,8.47,8.54,8.63,8.76,8.87,8.97,9.05,9.09,9.11,9.11,9.1,9.09,9.08,9.07,9.07,9.06,9.04,9.02,9.01,9,8.97
Portugal,,,,,,,,,,,,,,,,,,,,,,,,,,9.42,10.2,11.4,11.7,12.8,13.3,14.2,14.6,15.9,16.2,17.7,17.6,17.3,17.5,17.3,17.5,17.5,17.4,17.4,17.6,17.5,17.4,17.3,17.3,16.9,17,16.6,16.4,16.2,15.9,15.6,15.4,15.1,14.8,14.5,14.3,14.1
Paraguay,,,,,,,,,,,,,,,,,,,,,,,,,,,,,,,,,,,,6.99,7.26,7.45,7.6,7.67,7.66,7.74,8.02,8.19,8.45,8.77,9.29,9.61,9.92,10.1,10.3,10.6,10.8,11,11.3,11.5,11.6,11.8,11.9,11.9,11.8,11.7
Palestine,,,,,,,,,,,,,,,,,,,,,,,,,,,,,,,,,,,,9.34,9.39,9.43,9.45,9.47,9.49,9.51,9.45,9.74,10.3,10.8,11.1,11.3,11.8,12.1,12.6,12.8,13.2,13.4,14,14.9,15.9,16.4,17,17.2,17.3,17.3
French Polynesia,,,,,,,,,,,,,,,,,,,,,,,,,,,,,,,,,,,,,,,,,,,,,,,,7.2,,,,,,,,,,,,,,
Qatar,,,,,,,,,,,,,,,,,,,,,,,,,,,,,,,,,,,,17.3,17.5,17.6,18.1,18.3,18.6,16.6,15,13.7,12.7,11.8,11.1,11.3,11.4,11.3,10.5,10,9.94,10,9.48,9.34,9.26,9.26,9.05,9.16,9.12,9.13
Romania,,,,,,,,,,,,,,,,,,,,,,,,,,7.12,7.29,7.66,8.17,8.69,9.46,10.3,10.2,10.9,11.1,11.4,11.5,11.9,12.3,12.9,13.5,13.9,14,13.7,13,12.8,13.1,13.4,13.5,13.2,13.5,13.5,13.6,13.9,14.2,13.9,13.4,13.7,13.9,14,13.6,13.3
Russia,,,,,,,,,,,,,,,,,,,,,,,,,,11.1,11,11.7,12.6,13,13.6,14.1,14.6,15.1,15.4,16.1,15.9,16.4,18.4,19.4,18.5,17.3,16.5,16.4,17.4,17.8,18.1,18.4,18.6,18.4,18.6,17.8,17.6,17.9,17.3,17.3,16.9,16.5,16.3,16.3,16.3,16.4
Rwanda,,,,,,,,,,,,,,,,,,,,,,,,,,,,,,,,,,,,9.94,10.3,10.2,10.2,10.2,10.2,10.3,10.2,10.2,10.2,9.99,9.7,9.38,9.16,8.93,8.71,8.7,8.63,8.68,8.79,8.93,8.99,8.99,9.12,9.19,9.28,9.37
Saudi Arabia,,,,,,,,,,,,,,,,,,,,,,,,,,,,,,,,,,,,6.97,7.15,7.33,7.53,7.77,8.03,8.32,8.65,9.08,9.47,9.53,9.69,9.68,9.73,9.7,9.61,9.56,9.48,9.42,9.57,9.55,9.55,9.47,9.17,8.81,8.53,8.28
Serbia and Montenegro,,,,,,,,,,,,,,,,,,,,,,,,,,,,,,,,,,,,,,,,,,,,,,,,11.5,,,,,,,,,,,,,,
Sudan,,,,,,,,,,,,,,,,,,,,,,,,,,,,,,,,,,,,7.66,7.74,7.83,7.93,8.03,8.11,8.23,8.33,8.44,8.59,8.71,8.78,8.82,8.85,8.9,8.92,8.93,8.88,8.79,8.67,8.55,8.49,8.49,8.51,8.52,8.51,8.5
Senegal,,,,,,,,,,,,,,,,,,,,,,,,,,,,,,,,,,,,6.24,6.31,6.4,6.38,6.58,6.53,6.62,6.7,6.84,7.12,7.23,7.44,7.56,7.68,7.9,8.08,8.23,8.32,8.44,8.51,8.55,8.58,8.6,8.65,8.66,8.68,8.69
Singapore,,,,,,,,,,,,8.3,8.07,9.4,6.94,9.47,7.85,13.2,12.4,15,13,16.7,13.7,16.6,18.2,18.7,20.6,19.9,18.8,18.3,21.7,20.6,19.6,18.3,20.3,21.6,21,20.8,20.6,20.6,20.8,20.9,20.5,20.1,19.6,19.3,18.3,17.9,17.3,17,16.9,16.3,15.9,15.4,15.1,14.7,14.4,14.1,14.3,14.1,13.9,13.7
Solomon Islands,,,,,,,,,,,,,,,,,,,,,,,,,,,,,,,,,,,,9.9,9.93,9.94,9.95,9.97,9.93,9.98,10.1,10.2,10.4,10.3,10.4,10.5,10.6,10.7,10.8,10.9,11.1,11.2,11.2,11.2,11.2,11.2,11.2,11.2,11.2,11.1
Sierra Leone,,,,,,,,,,,,,,,,,,,,,,,,,,,,,,,,,,,,6.13,6.15,6.18,6.19,6.3,6.44,6.51,6.77,6.75,6.87,6.91,7.06,7.35,7.42,7.54,7.62,7.73,7.95,8.05,8.2,8.34,8.46,8.53,8.57,8.63,8.72,8.85
El Salvador,,,,,,,,,,,,,,,,,,,,,,,,,,,2.07,2.93,3.94,5.5,,,,,,6.49,6.6,6.92,7.09,7.39,7.48,7.8,8.13,8.12,8.11,8.04,8.02,8.12,8.27,8.33,8.32,8.37,8.36,8.28,8.2,8.19,8.14,8.25,8.37,8.32,8.26,8.2
Somalia,,,,,,,,,,,,,,,,,,,,,,,,,,,,,,,,,,,,12,12.1,12.3,12.4,12.6,12.7,12.8,12.9,13,13.1,13,13,13.1,13.1,13.1,13.1,13.1,13.1,13.2,13.1,13.1,13.1,13.2,13.2,13.3,13.3,13.3
Serbia,,,,,,,,,,,,,,,,,,,,,,,,,,,,,,,,,,,,18.7,18.9,19,19.1,19.5,19.9,20,19.9,20.1,20.1,20.3,20.5,20.8,20.9,20.8,20.6,20.4,20.2,19.9,19.7,19.5,19.3,19,18.6,18.4,18,17.7
South Sudan,,,,,,,,,,,,,,,,,,,,,,,,,,,,,,,,,,,,7.4,7.48,7.72,7.97,8.21,8.41,8.59,8.59,8.69,8.77,8.74,8.56,8.43,8.48,8.57,8.67,8.81,8.88,8.86,8.84,8.77,8.75,8.88,9.01,9.17,9.31,9.42
Sao Tome and Principe,,,,,,,,,,,,,,,,,,,,,,,,,,,,,,,,,,,,5.27,5.41,5.54,5.68,5.81,5.92,6.17,6.33,6.37,6.38,6.48,6.44,6.45,6.39,6.43,6.33,6.33,6.3,6.23,6.26,6.29,6.25,6.3,6.23,6.21,6.2,6.17
Suriname,,,,,,,,,,,,,,,,,,,,,,,,,,,,,,,,,,,,10.9,10.9,11.3,11.8,11.9,11.8,11.9,12.2,12.5,13.1,13.4,13.8,14.2,14.2,14.4,14.4,14.5,14.6,14.7,14.7,14.8,14.9,15.1,15.5,15.7,15.5,15.4
Slovak Republic,,,,,,,,,,,,,,,,,,,,,,,,,,,,,,,,,,,,20.4,20.7,20.7,20.9,20.9,21.2,21.1,21.7,21.8,21.9,21.7,21.6,21.4,21.4,21.4,21.4,21.3,21.4,21,21,20.6,20.4,20.2,20.1,19.7,19.6,19.5
Slovenia,,,,,,,,,,,,,,,,,,,,,,,,,,,,,,,14.6,14.8,15.2,17.1,17.7,20.6,21.5,21.8,22.2,22.4,22.3,22.4,22.6,22.5,22.5,22,21.8,21.6,21.6,21.4,21.1,20.4,20.3,19.7,19.1,18.5,17.9,17.6,17,16,16.1,16
Sweden,12.2,12.7,12.7,13.1,13.1,13.2,11.8,13.7,12.4,13.4,13.1,12.3,12.3,13.2,12.2,13.1,13.5,13.9,14.8,15.1,14.3,15,15.2,15.5,15.3,15.4,14.7,15.7,15.5,15.4,15.1,15.7,16.1,16.6,16.4,17.2,17.1,16.9,16.8,16.4,16.3,16.2,15.9,15.9,16.2,16.3,16.4,16.5,16.5,16.8,16.6,16.4,16.4,16.3,15.9,15.5,15.2,15.2,15.1,14.8,14.7,14.7
Eswatini,,,,,,,,,,,,,,,,,,,,,,,,,,,,,,,,,,,,9.1,9.12,9,8.66,8.31,8.25,7.9,7.73,7.97,8.37,9.27,9.75,10.4,10.4,10.6,10.7,10.4,10.1,9.7,9.39,9.09,8.73,8.58,8.5,8.38,8.2,8.11
Seychelles,,,,,,,,,,,,,,,,,,,,,,,,,,,,,,,,,,,,12.3,12.6,13.1,13.8,14.6,15.5,16.9,18,18.6,19,19.2,19.3,19.7,20.1,20.1,20.3,20.2,20,19.5,19.6,19.8,19.9,20.1,20.4,20.6,20.5,20.3
Syria,,,,,,,,,,,,,,,,,,,,,,,,,,,,,,,,,,,,4.74,4.79,4.82,4.93,5.03,5.11,5.15,5.17,5.17,5.13,5,4.92,4.86,4.9,4.89,4.86,4.83,4.86,4.89,4.94,4.96,4.86,4.82,4.8,4.78,4.74,4.69
Chad,,,,,,,,,,,,,,,,,,,,,,,,,,,,,,,,,,,,6.26,6.15,6.22,6.3,6.26,6.27,6.34,6.38,6.5,6.54,6.46,6.43,6.46,6.53,6.52,6.41,6.36,6.41,6.51,6.57,6.67,6.69,6.67,6.65,6.67,6.71,6.72
Togo,,,,,,,,,,,,,,,,,,,,,,,,,,,,,,,,,,,,7.08,7.16,7.18,7.21,7.3,7.25,7.3,7.56,7.66,7.59,7.65,7.68,7.76,7.89,7.74,7.83,7.8,8.03,8.08,8.1,8.17,8.3,8.41,8.54,8.67,8.76,8.86
Thailand,,,,,,,,,,,,0.66,0.7,1.01,1.63,2.2,2.71,3.24,3.94,4.34,4.83,,5.24,5.66,6.46,6.89,7.56,8.17,8.81,9.01,9.61,9.89,10.6,,,11.4,11.5,11.7,11.7,11.7,11.7,11.8,11.9,12.3,12.2,11.9,11.7,11.5,11.4,11.4,11.6,11.3,10.9,10.4,10,9.61,9.26,9.09,9.01,8.88,8.82,8.74
Tajikistan,,,,,,,,,,,,,,,,,,,,,,,,,,,4.8,5.29,,,5.85,7.82,7.86,6.18,7.25,6.22,6.1,6.02,5.82,5.66,5.42,5.25,5.14,5.06,5.07,5.08,5.08,5.13,5.16,5.16,5.12,5.02,5.01,5.1,4.89,4.69,4.57,4.48,4.4,4.38,4.36,4.34
Turkmenistan,,,,,,,,,,,,,,,,,,,,,,,,,,,,,,,,,,,,5.87,5.9,5.96,6.04,6.11,6.28,6.31,6.13,5.98,5.61,5.28,5.23,5.13,5.14,5.09,5.08,5.1,5.14,5.14,5.2,5.22,5.25,5.3,5.24,5.17,5.09,5.03
Timor-Leste,,,,,,,,,,,,,,,,,,,,,,,,,,,,,,,,,,,,10.4,10.5,10.6,10.7,10.8,10.8,10.8,10.9,10.9,10.8,10.7,10.7,10.8,10.8,10.6,10.3,9.87,9.62,9.53,9.39,9.33,9.3,9.33,9.36,9.42,9.49,9.52
Tonga,,,,,,,,,,,,,,,,,,,,,,,,,,,,,,,,,,,,10.2,10.6,10.7,10.7,10.8,10.7,10.8,10.6,10.4,10.7,10.6,10.4,10.3,10.2,10,9.91,9.79,9.74,9.63,9.59,9.65,9.66,9.67,9.66,9.67,9.67,9.65
Trinidad and Tobago,,,,,,,,,,,,,,,,,,,,,,,,,10.7,9.06,8.12,8.79,10.9,11.4,11.4,12.5,13.1,16.5,13.6,14.5,14.7,14.6,14.6,14.3,14,13.9,13.7,13,13.2,13.1,12.9,12.9,12.9,12.1,11.9,11.7,11.7,11.8,11.4,11.4,11.3,11.2,11.1,11,10.9,10.9
Tunisia,,,,,,,,,,,,,,,,,,,,,,,,,,,,,,,,,,,,10.6,10.6,10.7,10.8,10.8,10.7,10.5,10.3,10.3,10.2,10.2,10.2,10.2,10.1,10,9.97,9.9,9.83,9.75,9.68,9.6,9.53,9.47,9.41,9.34,9.27,9.19
Turkey,,,,,,,,,,,,,,,,,,,,,,,,,,,,,,,,,,,,8.23,8.57,8.55,8.76,8.71,8.82,8.65,8.57,8.46,8.99,8.25,7.95,7.78,8.59,8.21,8.35,8.16,7.65,7.36,7.99,8.14,8.15,7.99,8.12,7.93,7.78,7.66
Taiwan,,,,,,,,,,,,,,,,,,,,,,,,,,,,,,,,,,,,13,13.4,13.9,14.4,14.9,15.5,15.9,16.3,16.8,17,17,16.9,16.8,16.6,16.6,16.4,16.2,15.9,15.7,15.4,15.3,15.2,15.1,15,15,15.1,15
Tanzania,,,,,,,,,,,,,,,,,,,,,,,,,,,,,,,,,,,,10.8,10.8,10.9,11.1,11.3,11.4,11.4,11.6,11.8,11.6,11.3,10.9,10.6,10.7,10.5,10.5,10.4,10.4,10.4,10.4,10.4,10.4,10.5,10.7,10.8,10.9,10.9
Uganda,,,,,,,,,,,,,,,,,,,,,,,,,,,,,,,,,,,,8.97,9.07,9.17,9.84,10.2,10.2,10.3,10.3,10.7,10.7,11,10.8,10.7,10.7,11,11.1,11.2,11.2,10.9,10.8,10.8,10.9,10.9,11.1,11.1,11.1,11.1
Ukraine,,,,,,,,,,,,,,,,,,,,,,,,,,,9.66,10.8,,,11.9,13.1,14.5,15.1,16,16.7,17.4,17.7,18,18.2,18.6,17.8,16.9,15.9,16.1,16.1,15.8,15.7,15.7,15.7,15.7,15.1,15.4,15.5,14.4,14,13.6,13.8,13.8,12.9,12.8,12.9
Uruguay,,,,,,,,,,,,18.3,21.5,,,,,,,,,,,,,17.3,17.5,17.9,18.8,18.7,20.9,21.9,21.4,21.3,22.6,22.4,23.1,22.7,22.2,21.9,22,22,22.3,22.1,21.8,21.2,21,20.7,20.6,20.1,19.7,19.6,19.6,19.3,18.9,18.9,18.8,18.8,18.6,18.4,18.2,18
United States,,,,16.2,16.1,16.1,16.1,15.9,15.7,15.5,15.3,15.5,15.1,15.5,15.6,,,15.6,16,16.4,16.5,17.1,17.1,,17,17.2,17.3,17.7,17.9,18.5,18.6,18.7,18.9,19,19.1,19.4,19,18.7,18.5,18.3,18.2,17.8,17.5,17.3,17.3,17,16.8,16.5,16.1,15.7,15.3,15,14.7,14.4,14.1,13.9,13.7,13.5,13.4,13.4,13.6,13.6
Uzbekistan,,,,,,,,,,,,,,,,,,,,,,,,,,,3.73,4.09,,,4.62,5.37,6.04,5.89,5.87,6.19,6.22,6.35,6.27,6.33,6.29,6.24,6.22,6.1,6.08,5.95,5.99,6,6,5.98,5.89,5.85,5.76,5.7,5.64,5.59,5.59,5.58,5.59,5.57,5.48,5.38
St. Vincent and the Grenadines,,,,,,,,,,,,,,,,,,,,,,,,,,,,,,,,,,,,12.3,12.6,12.8,13,13.1,13.1,13.3,13.3,12.9,13.5,13.4,13.4,13.5,13.6,13.7,13.6,13.6,13.8,14,13.9,14,14.3,14.5,15.2,15.3,15.3,14.9
Venezuela,7.01,9.05,8.09,6.61,7.5,8.19,6.94,6.79,6.75,7.04,6.34,5.63,6.4,,,5.76,5.57,5.82,6.08,6.49,,6.7,6.88,8.38,7.96,7.46,7.59,7.18,8.27,,7.83,8.06,8.72,8.41,9.02,9.43,9.62,9.76,9.49,9.83,9.79,9.88,9.78,9.61,9.48,9.32,9.26,9.72,9.6,9.2,9.09,9.14,9.12,9.23,9.2,9.08,9.1,9.05,9.07,8.96,8.89,8.83
Vietnam,,,,,,,,,,,,,,,,,,,,,,,,,,,,,,,,,,,,15.9,15.9,15.9,16,16,16,16.1,16.2,16.2,16.3,16.4,16.6,16.7,16.8,16.9,17.1,17.2,17.3,17.4,17.4,17.4,17.3,17.1,17,16.9,16.8,16.6
Vanuatu,,,,,,,,,,,,,,,,,,,,,,,,,,,,,,,,,,,,9.72,9.84,9.94,10,10.1,10.1,10.2,10.2,10.3,10.4,10.4,10.4,10.5,10.5,10.5,10.5,10.5,10.5,10.5,10.4,10.4,10.4,10.4,10.4,10.4,10.4,10.3
Samoa,,,,,,,,,,,,,,,,,,,,,,,,,,,,,,,,,,,,10.8,10.9,10.9,10.9,10.9,10.8,10.7,10.6,10.5,10.4,10.2,10.1,9.94,9.81,9.7,9.62,9.56,9.58,9.55,9.6,9.64,9.71,9.68,9.64,9.61,9.59,9.43
Yemen,,,,,,,,,,,,,,,,,,,,,,,,,,,,,,,,,,,,8,8.08,8.18,8.31,8.42,8.54,8.66,8.78,8.88,9.04,9.19,9.34,9.48,9.62,9.73,9.81,9.84,9.81,9.75,9.7,9.65,9.64,9.67,9.74,9.81,9.86,9.91
South Africa,,,,,,,,,,,,,,,,,,,,,,,,,,,,,,,,,,,,7.23,7.16,7.31,7.01,7.13,6.96,7.33,8.15,8.26,8.44,8.64,8.44,8.38,8.42,8.48,8.63,8.83,8.84,8.82,8.88,8.92,8.85,8.56,8.31,8.18,7.99,7.91
Zambia,,,,,,,,,,,,,,,,,,,,,,,,,,,,,,,,,,,,11.7,12.3,12.8,13.2,13.8,14.3,14.7,14.8,15,14.9,14.7,14.4,14.2,14.1,13.7,13.4,13.3,13.2,13,12.9,12.7,12.7,12.6,12.5,12.3,12.3,12.3
Zimbabwe,,,,,,,,,,,,,,,,,,,,,,,,,,,,,,,,,,,,11.5,11.2,10.4,9.87,9.41,9.25,9.18,9.09,9.59,10.2,10.9,11.8,12.8,13.4,14.4,14.1,13.8,13.5,13.4,13.5,13.1,12.8,12.5,12.3,12.7,12.7,12.7
